{
	"backgroundImage": [
		"new_solid_dark:textures/gui/new_solid_dark.png",
		4,
		4,
		4,
		4,
		64,
		64,
		0,
		0
	],
	"titleColor": "#FFFFFF",
	"normalColor": "#FFFFFF",
	"infoColor": "#FFFFFF",
	"successColor": "#198754",
	"warningColor": "#FFC107",
	"dangerColor": "#DC3545",
	"failureColor": "#AB296A",
	"boxBorderColor": "#913E00",
	"textShadow": true,
	"padding": [
		6,
		4,
		0,
		5
	],
	"opacity": 1,
	"squareBorder": false,
	"autoEnable": true,
	"bottomProgressOffset": [
		-1,
		-2,
		-1,
		2
	],
	"bottomProgressNormalColor": "#000000",
	"bottomProgressFailureColor": "#FF4444",
	"lightColorScheme": true
}
